contributor,repo,userName,mergeAt
0,G2,lxfu1,2024-07-09T14:07:27Z
0,G2,pearmini,2024-07-03T10:12:24Z
0,G2,pearmini,2024-07-03T07:02:52Z
1,G2,the-lemonboy,2024-07-03T06:30:59Z
0,G2,pearmini,2024-06-28T09:33:52Z
0,G2,pearmini,2024-06-28T09:04:16Z
0,G2,pearmini,2024-06-28T06:00:50Z
0,G2,pearmini,2024-06-28T03:56:52Z
0,G2,pearmini,2024-06-28T06:03:29Z
0,G2,pearmini,2024-06-26T01:33:06Z
1,G2,deletenothing,2024-06-25T02:58:26Z
0,G2,pearmini,2024-06-24T09:24:27Z
1,G2,andylili21,2024-06-24T14:07:09Z
0,G2,pearmini,2024-06-24T09:06:09Z
0,G2,pearmini,2024-06-24T03:39:08Z
0,G2,pearmini,2024-06-24T03:52:16Z
0,G2,pearmini,2024-06-21T09:40:46Z
1,G2,the-lemonboy,2024-06-19T10:51:35Z
1,G2,Runtus,2024-06-18T01:49:54Z
0,G2,pearmini,2024-06-18T06:47:04Z
0,G2,pearmini,2024-06-18T06:33:18Z
0,G2,pearmini,2024-06-17T06:33:25Z
1,G2,Runtus,2024-06-17T08:32:59Z
1,G2,justnewneo,2024-06-16T10:04:17Z
0,G2,pearmini,2024-06-14T09:53:34Z
0,G2,pearmini,2024-06-13T07:01:51Z
0,G2,pearmini,2024-06-04T07:47:21Z
1,G2,1379255913,2024-06-05T07:28:22Z
0,G2,pearmini,2024-05-31T10:53:34Z
1,G2,the-lemonboy,2024-05-31T06:01:53Z
0,G2,pearmini,2024-05-30T09:53:22Z
0,G2,pearmini,2024-05-30T08:17:39Z
0,G2,pearmini,2024-05-30T08:07:46Z
1,G2,xiaoiver,2024-05-26T12:15:07Z
1,G2,LoTwT,2024-05-25T03:36:12Z
1,G2,Runtus,2024-05-22T02:11:28Z
1,G2,Runtus,2024-05-09T14:13:05Z
0,G2,hustcc,2024-05-08T08:04:04Z
0,G2,hustcc,2024-05-07T11:54:54Z
1,G2,xiaoiver,2024-05-08T02:48:05Z
1,G2,Runtus,2024-04-27T12:43:41Z
1,G2,Runtus,
1,G2,Runtus,2024-05-07T14:33:57Z
1,G2,xiaoiver,2024-04-23T07:02:55Z
0,G2,pearmini,2024-04-19T08:34:47Z
0,G2,pearmini,2024-04-19T08:07:38Z
0,G2,hustcc,2024-04-19T07:41:47Z
1,G2,BENcorry,2024-04-22T02:18:22Z
1,G2,xiaoiver,2024-04-09T06:22:11Z
0,G2,hustcc,2024-04-07T06:54:41Z
1,G2,xiaoiver,2024-04-08T08:04:36Z
0,G2,pearmini,2024-03-21T08:31:22Z
0,G2,pearmini,2024-03-21T07:44:33Z
0,G2,pearmini,2024-03-20T06:03:53Z
1,G2,ai-qing-hai,2024-03-18T10:46:29Z
1,G2,dudu824,
0,G2,pearmini,2024-03-14T07:07:22Z
0,G2,lvisei,2024-03-14T05:57:59Z
0,G2,lvisei,2024-03-14T06:38:44Z
1,G2,LonelySnowman,2024-03-14T05:59:18Z
0,G2,hustcc,2024-03-06T11:26:22Z
1,G2,ai-qing-hai,2024-03-14T11:43:22Z
1,G2,dudu824,2024-03-06T11:02:55Z
1,G2,dudu824,
1,G2,xcy960815,2024-02-29T08:24:39Z
1,G2,foolvip,2024-02-27T06:07:04Z
1,G2,foolvip,2024-03-04T06:21:01Z
0,G2,pearmini,2024-02-23T12:46:42Z
1,G2,kun6696,
1,G2,hsp-sz,2024-02-04T10:37:38Z
1,G2,sunsunmonkey,
0,G2,pearmini,2024-01-30T06:29:13Z
1,G2,ai-qing-hai,2024-01-29T07:00:33Z
1,G2,Jungzl,2024-01-26T12:55:24Z
0,G2,pearmini,2024-01-16T09:50:19Z
0,G2,pearmini,2024-01-16T09:41:10Z
1,G2,ai-qing-hai,2024-01-16T08:57:49Z
1,G2,ai-qing-hai,2024-01-12T03:06:59Z
0,G2,pearmini,2024-01-05T09:23:49Z
1,G2,ai-qing-hai,
1,G2,ai-qing-hai,2024-01-10T09:32:08Z
1,G2,shield2018,2024-01-05T09:04:20Z
1,G2,kun6696,2024-01-05T02:15:27Z
1,G2,ai-qing-hai,
1,G2,li1615882553,2024-01-03T09:40:39Z
1,G2,kun6696,2023-12-27T08:55:08Z
1,G2,li1615882553,2024-01-09T10:03:48Z
1,G2,kun6696,2023-12-22T09:51:00Z
0,G2,pearmini,2023-12-21T09:43:27Z
0,G2,pearmini,2023-12-21T09:36:15Z
1,G2,Runtus,2023-12-21T05:49:54Z
1,G2,321095741,2023-12-21T03:01:33Z
1,G2,ai-qing-hai,
1,G2,BENcorry,2023-12-18T03:42:03Z
1,G2,BENcorry,2023-12-18T03:50:54Z
1,G2,ZhoBudweiser,2023-12-19T08:43:06Z
1,G2,ai-qing-hai,2023-12-13T09:47:53Z
0,G2,pearmini,2023-12-12T08:39:21Z
1,G2,li1615882553,2023-12-13T02:33:00Z
1,G2,ai-qing-hai,2023-12-12T02:28:21Z
1,G2,Runtus,2023-12-12T05:43:29Z
0,G2,hustcc,2023-12-11T05:11:37Z
1,G2,ZhoBudweiser,2023-12-10T11:44:54Z
1,G2,deletenothing,2023-12-11T07:24:33Z
1,G2,ai-qing-hai,2023-12-08T07:14:41Z
1,G2,ChenKun1997,2023-12-07T06:12:00Z
0,G2,pearmini,2023-12-07T05:51:11Z
1,G2,li1615882553,2023-12-07T07:32:21Z
0,G2,pearmini,2023-12-06T09:19:59Z
0,G2,pearmini,2023-12-06T09:03:17Z
1,G2,ai-qing-hai,2023-12-06T07:38:19Z
0,G2,pearmini,2023-12-06T03:06:53Z
1,G2,kun6696,2023-12-06T09:16:25Z
1,G2,kun6696,
0,G2,pearmini,2023-12-05T03:22:42Z
1,G2,deletenothing,
1,G2,taoliujun,2023-12-05T06:20:37Z
0,G2,lijinke666,2023-12-05T02:52:26Z
1,G2,Runtus,2023-12-05T02:11:59Z
1,G2,taoliujun,2023-12-01T10:23:57Z
0,G2,pearmini,2023-11-29T06:36:13Z
0,G2,pearmini,2023-11-29T05:49:27Z
1,G2,xiaoiver,2023-11-28T13:14:30Z
1,G2,ai-qing-hai,2023-11-29T02:01:44Z
0,G2,pearmini,2023-11-28T07:57:11Z
0,G2,pearmini,2023-11-28T07:51:43Z
0,G2,hustcc,2023-11-27T11:06:49Z
0,G2,pearmini,2023-11-27T11:05:45Z
0,G2,pearmini,2023-11-24T07:25:36Z
1,G2,thejasonxie,2023-11-27T02:42:42Z
1,G2,thejasonxie,2023-11-24T01:59:42Z
1,G2,BENcorry,2023-11-22T14:43:11Z
1,G2,deletenothing,2023-11-29T02:55:04Z
0,G2,pearmini,2023-11-22T02:20:47Z
1,G2,ai-qing-hai,2023-11-21T09:58:00Z
1,G2,Gavinchen92,2023-11-22T02:58:10Z
0,G2,pearmini,2023-11-21T03:47:26Z
0,G2,ixuxinyue,2023-11-21T03:08:35Z
0,G2,pearmini,2023-11-20T09:42:55Z
1,G2,ai-qing-hai,2023-11-20T07:20:00Z
1,G2,ai-qing-hai,2023-11-20T05:49:16Z
1,G2,LAI-X,2023-11-20T10:25:07Z
1,G2,Gavinchen92,2023-11-20T08:42:00Z
1,G2,Runtus,2023-11-17T08:16:33Z
0,G2,pearmini,2023-11-17T01:56:58Z
0,G2,ixuxinyue,2023-11-16T12:36:07Z
0,G2,pearmini,2023-11-16T09:50:03Z
0,G2,pearmini,2023-11-16T09:11:59Z
0,G2,pearmini,2023-11-16T05:04:15Z
1,G2,xiaoiver,2023-11-17T08:03:01Z
0,G2,pearmini,2023-11-15T03:45:10Z
0,G2,pearmini,2023-11-15T02:34:21Z
0,G2,pearmini,
1,G2,xiaoiver,2023-11-14T03:42:39Z
1,G2,xiaoiver,2023-11-14T01:55:29Z
1,G2,xiaoiver,2023-11-13T11:51:08Z
0,G2,hustcc,2023-11-14T03:21:27Z
1,G2,xiaoiver,2023-11-13T06:54:37Z
1,G2,ai-qing-hai,2023-11-13T02:25:25Z
1,G2,owenchen1004,2023-11-13T01:55:00Z
0,G2,hustcc,2023-11-10T09:57:28Z
1,G2,Gavinchen92,2023-11-10T07:07:33Z
1,G2,Exlau,2023-11-10T06:07:34Z
1,G2,xiaoiver,2023-11-10T03:38:02Z
1,G2,pitaokkk,2023-11-15T02:20:47Z
0,G2,pearmini,2023-11-09T05:18:05Z
1,G2,BENcorry,2023-11-10T07:15:31Z
1,G2,andylili21,2023-11-10T06:42:32Z
1,G2,Runtus,2023-11-09T09:22:31Z
1,G2,Runtus,2023-11-08T09:32:50Z
1,G2,Exlau,2023-11-08T07:44:58Z
1,G2,xiaoiver,2023-11-08T07:45:43Z
0,G2,pearmini,2023-11-08T03:36:46Z
1,G2,owenchen1004,2023-11-10T07:10:00Z
1,G2,Exlau,
1,G2,Exlau,
1,G2,Exlau,
1,G2,Zhizhi-2986,2023-11-10T06:05:03Z
1,G2,andylili21,
1,G2,owenchen1004,2023-11-07T12:35:24Z
1,G2,owenchen1004,
0,G2,pearmini,2023-11-07T10:09:01Z
0,G2,pearmini,2023-11-07T09:11:29Z
0,G2,pearmini,2023-11-07T06:25:12Z
0,G2,pearmini,2023-11-06T10:38:42Z
0,G2,pearmini,2023-11-06T09:59:35Z
1,G2,BENcorry,2023-11-09T03:31:04Z
1,G2,BENcorry,
1,G2,Runtus,2023-11-06T05:41:54Z
1,G2,xiaoiver,2023-11-09T07:13:26Z
0,G2,pearmini,2023-11-03T03:03:46Z
1,G2,jingjing20,2023-11-03T01:46:27Z
0,G2,pearmini,2023-11-02T03:02:06Z
1,G2,iamzone,2023-11-03T01:52:27Z
1,G2,Runtus,
1,G2,iamzone,2023-11-07T09:00:35Z
1,G2,iamzone,2023-11-02T03:00:50Z
1,G2,BENcorry,2023-11-01T05:59:17Z
1,G2,iamzone,2023-11-01T06:29:24Z
1,G2,BENcorry,2023-10-31T02:00:55Z
1,G2,lzxue,2023-10-30T06:02:48Z
1,G2,AranavMahalpure,2023-10-27T14:55:01Z
0,G2,hustcc,2023-10-26T06:40:00Z
0,G2,hustcc,2023-10-25T09:21:26Z
0,G2,hustcc,2023-10-25T06:32:35Z
0,G2,hustcc,2023-10-25T02:43:21Z
1,G2,xiaoiver,2023-10-24T10:01:54Z
0,G2,pearmini,2023-10-20T08:55:13Z
0,G2,pearmini,2023-10-20T08:48:25Z
0,G2,pearmini,2023-10-20T07:39:07Z
1,G2,xiaoiver,
1,G2,czfadmin,2023-10-19T08:56:42Z
0,G2,pearmini,2023-10-20T02:17:41Z
0,G2,pearmini,2023-10-17T09:07:21Z
0,G2,lxfu1,2023-10-17T09:52:51Z
1,G2,ai-qing-hai,
0,G2,pearmini,2023-10-13T08:05:02Z
0,G2,pearmini,2023-10-12T09:42:23Z
0,G2,pearmini,2023-10-12T09:34:06Z
0,G2,hustcc,2023-12-12T02:27:44Z
1,G2,ai-qing-hai,
0,G2,hustcc,2023-10-08T16:15:06Z
0,G2,pearmini,2023-10-09T12:25:34Z
0,G2,pearmini,2023-09-28T05:53:40Z
1,G2,xiaoiver,2023-10-16T08:51:16Z
0,G2,hustcc,2023-09-27T03:22:26Z
0,G2,pearmini,2023-09-26T11:23:53Z
0,G2,hustcc,2023-09-27T01:47:24Z
0,G2,pearmini,2023-09-25T09:44:29Z
0,G2,pearmini,2023-09-25T09:32:44Z
0,G2,pearmini,2023-09-25T07:26:27Z
0,G2,pearmini,2023-09-25T03:27:08Z
0,G2,pearmini,2023-09-22T13:56:51Z
1,G2,HoneyPecanPie,2023-09-22T09:50:28Z
0,G2,pearmini,2023-09-22T08:35:45Z
0,G2,ixuxinyue,2023-09-28T05:37:07Z
0,G2,pearmini,2023-09-22T05:18:04Z
0,G2,pearmini,2023-09-21T08:23:56Z
0,G2,pearmini,2023-09-21T08:04:03Z
1,G2,VirusPC,2023-09-21T02:15:54Z
0,G2,pearmini,2023-09-20T04:46:48Z
0,G2,pearmini,2023-09-20T03:54:22Z
0,G2,pearmini,2023-09-19T09:18:16Z
0,G2,pearmini,2023-09-19T03:22:38Z
1,G2,VirusPC,2023-09-20T02:24:19Z
0,G2,pearmini,2023-09-18T06:05:21Z
0,G2,pearmini,2023-09-18T06:00:11Z
1,G2,kikashine,2023-09-19T03:02:41Z
1,G2,VirusPC,2023-09-17T14:09:32Z
1,G2,Deathsteps,2023-09-18T05:50:59Z
1,G2,ai-qing-hai,
0,G2,hustcc,2023-09-13T12:49:26Z
1,G2,ai-qing-hai,
0,G2,pearmini,2023-09-13T02:43:04Z
1,G2,ai-qing-hai,2023-09-13T02:40:43Z
0,G2,pearmini,2023-09-12T12:05:55Z
0,G2,pearmini,2023-09-12T05:49:53Z
1,G2,ai-qing-hai,2023-09-12T02:41:07Z
0,G2,pearmini,2023-09-11T12:37:53Z
0,G2,pearmini,2023-09-11T08:41:08Z
0,G2,pearmini,2023-09-11T08:24:21Z
0,G2,pearmini,2023-09-11T04:19:19Z
0,G2,pearmini,2023-09-07T07:23:36Z
0,G2,pearmini,2023-09-07T07:06:52Z
0,G2,pearmini,2023-09-07T03:14:17Z
1,G2,cwtuan,
0,G2,pearmini,2023-09-06T07:22:45Z
0,G2,pearmini,2023-09-05T03:35:09Z
0,G2,pearmini,2023-09-05T02:45:19Z
1,G2,ai-qing-hai,2023-09-12T02:00:32Z
0,G2,pearmini,2023-09-04T09:43:29Z
0,G2,pearmini,2023-09-04T07:00:41Z
1,G2,ai-qing-hai,
0,G2,pearmini,2023-08-31T11:52:20Z
0,G2,pearmini,2023-08-31T11:27:48Z
0,G2,pearmini,2023-08-31T11:16:47Z
0,G2,pearmini,2023-08-31T10:33:22Z
0,G2,pearmini,2023-08-31T04:09:09Z
0,G2,pearmini,2023-08-31T03:29:05Z
0,G2,pearmini,2023-08-31T02:59:53Z
1,G2,xcy960815,2023-09-01T09:57:39Z
0,G2,pearmini,2023-08-30T10:46:16Z
0,G2,pearmini,2023-08-30T04:47:44Z
0,G2,pearmini,2023-08-30T07:03:25Z
0,G2,pearmini,2023-08-30T01:55:46Z
0,G2,pearmini,2023-08-29T10:36:32Z
1,G2,xcy960815,2023-08-29T12:08:04Z
0,G2,pearmini,2023-08-29T08:41:20Z
0,G2,pearmini,2023-08-29T06:59:20Z
0,G2,pearmini,2023-08-29T06:40:46Z
1,G2,xcy960815,2023-08-29T02:19:53Z
1,G2,xiaoiver,2023-08-30T02:01:56Z
1,G2,xcy960815,
0,G2,pearmini,2023-08-25T09:27:57Z
0,G2,hustcc,2023-08-25T13:29:43Z
0,G2,pearmini,
0,G2,pearmini,2023-08-24T02:47:55Z
1,G2,ChenKun1997,2023-08-23T10:44:49Z
1,G2,ChenKun1997,2023-08-23T09:27:08Z
1,G2,ChenKun1997,2023-08-23T08:42:39Z
0,G2,pearmini,2023-08-23T08:45:33Z
0,G2,pearmini,2023-08-23T08:08:02Z
1,G2,xcy960815,2023-08-23T08:05:27Z
0,G2,pearmini,2023-08-23T05:02:11Z
0,G2,pearmini,2023-08-23T02:26:15Z
0,G2,hustcc,2023-08-22T10:39:34Z
1,G2,BinghuiXie,2023-08-23T00:22:29Z
1,G2,Darsoon,2023-08-23T05:06:19Z
1,G2,Zeiion,2023-08-21T13:40:30Z
1,G2,xiaoiver,2023-08-18T12:37:45Z
1,G2,xiaoiver,2023-08-18T08:55:53Z
0,G2,hustcc,2023-08-18T06:01:54Z
0,G2,hustcc,2023-08-18T05:04:02Z
0,G2,hustcc,2023-08-18T03:50:59Z
0,G2,pearmini,2023-08-17T10:46:02Z
0,G2,pearmini,2023-08-17T08:08:23Z
0,G2,pearmini,2023-08-17T07:02:25Z
0,G2,hustcc,2023-08-17T07:11:41Z
1,G2,ChenKun1997,2023-08-17T03:29:26Z
1,G2,ChenKun1997,2023-08-17T01:54:02Z
0,G2,pearmini,2023-08-17T02:29:47Z
0,G2,hustcc,2023-08-16T08:44:12Z
1,G2,xiaoiver,2023-08-18T05:38:32Z
0,G2,pearmini,2023-08-16T05:45:49Z
0,G2,pearmini,2023-08-16T03:48:44Z
0,G2,pearmini,2023-08-15T09:38:32Z
0,G2,pearmini,2023-08-15T09:27:33Z
0,G2,hustcc,2023-08-15T08:13:20Z
0,G2,pearmini,2023-08-11T10:40:10Z
0,G2,pearmini,2023-08-11T02:14:47Z
0,G2,pearmini,2023-08-09T08:25:57Z
0,G2,pearmini,2023-08-09T06:55:02Z
1,G2,HHN0609,2023-08-09T01:40:26Z
0,G2,pearmini,2023-08-02T04:44:15Z
0,G2,hustcc,2023-08-15T08:59:43Z
0,G2,pearmini,2023-08-02T04:29:50Z
0,G2,hustcc,2023-07-28T13:43:04Z
0,G2,pearmini,2023-07-28T03:41:45Z
1,G2,ai-qing-hai,2023-07-27T11:53:36Z
0,G2,pearmini,2023-07-27T11:51:39Z
1,G2,xiaoiver,2023-07-27T04:53:50Z
0,G2,pearmini,2023-08-30T08:32:10Z
0,G2,pearmini,2023-08-25T06:16:08Z
0,G2,pearmini,2023-07-25T08:46:22Z
0,G2,pearmini,2023-07-24T03:45:15Z
1,G2,xiaoiver,2023-07-21T07:30:42Z
0,G2,pearmini,2023-07-20T06:57:32Z
0,G2,pearmini,2023-07-19T07:58:26Z
1,G2,65min,2023-07-19T08:18:36Z
0,G2,pearmini,2023-07-18T09:51:43Z
0,G2,pearmini,2023-07-17T11:55:42Z
0,G2,pearmini,2023-07-17T07:44:49Z
1,G2,Aarebecca,2023-07-17T14:39:51Z
0,G2,hustcc,2023-07-13T11:46:24Z
0,G2,pearmini,2023-07-13T07:53:25Z
0,G2,pearmini,2023-07-13T05:22:41Z
0,G2,pearmini,2023-07-12T09:23:14Z
0,G2,pearmini,2023-07-12T09:05:23Z
0,G2,pearmini,2023-07-12T07:43:51Z
0,G2,pearmini,2023-07-12T07:14:50Z
0,G2,pearmini,2023-07-10T07:26:00Z
1,G6,Aarebecca,2024-07-09T14:15:56Z
1,G6,Aarebecca,2024-07-09T14:11:59Z
1,G6,Aarebecca,2024-07-09T13:36:48Z
1,G6,Aarebecca,2024-07-09T13:36:38Z
1,G6,Aarebecca,2024-07-08T02:11:15Z
1,G6,Aarebecca,2024-07-04T12:58:40Z
1,G6,Aarebecca,2024-07-04T08:59:45Z
1,G6,Aarebecca,2024-07-04T08:51:12Z
1,G6,Aarebecca,
1,G6,NidhoggDJoking,2024-07-05T14:28:53Z
1,G6,Aarebecca,2024-07-04T08:18:07Z
1,G6,Aarebecca,2024-07-04T02:13:33Z
1,G6,Aarebecca,2024-07-03T14:54:12Z
1,G6,Aarebecca,2024-07-03T03:16:14Z
1,G6,Aarebecca,2024-07-03T02:46:04Z
1,G6,Aarebecca,2024-07-03T02:45:17Z
1,G6,Aarebecca,2024-07-03T02:45:45Z
1,G6,Aarebecca,2024-07-03T05:40:49Z
1,G6,Aarebecca,2024-06-25T11:24:37Z
1,G6,Aarebecca,2024-06-25T07:28:14Z
1,G6,Aarebecca,2024-06-25T05:57:19Z
1,G6,Aarebecca,2024-06-25T04:01:31Z
1,G6,Aarebecca,2024-06-25T03:03:25Z
1,G6,Aarebecca,2024-06-21T13:10:22Z
1,G6,Aarebecca,2024-06-21T12:03:36Z
1,G6,Aarebecca,2024-06-21T09:41:31Z
1,G6,Jinbao1001,2024-06-21T08:38:26Z
1,G6,Aarebecca,2024-06-21T13:10:34Z
1,G6,Aarebecca,2024-06-21T08:58:39Z
1,G6,Aarebecca,2024-06-20T13:38:11Z
1,G6,Aarebecca,2024-06-20T13:20:38Z
1,G6,yvonneyx,2024-06-20T12:49:08Z
1,G6,Aarebecca,2024-06-20T13:12:36Z
1,G6,Aarebecca,2024-06-20T08:42:54Z
1,G6,Aarebecca,2024-06-20T07:48:03Z
1,G6,codersjj,2024-06-21T08:59:35Z
1,G6,Aarebecca,2024-06-20T13:12:51Z
1,G6,Aarebecca,2024-06-19T07:22:18Z
1,G6,Aarebecca,2024-06-19T06:34:48Z
1,G6,Aarebecca,2024-06-18T13:05:41Z
1,G6,Aarebecca,2024-06-19T06:29:28Z
1,G6,Aarebecca,2024-06-19T06:29:14Z
1,G6,Aarebecca,2024-06-18T09:03:41Z
1,G6,shark-mk,2024-06-21T13:12:02Z
1,G6,SevenNorth,2024-06-17T06:23:26Z
1,G6,Aarebecca,2024-06-18T09:32:09Z
1,G6,Aarebecca,2024-06-14T01:19:43Z
1,G6,Aarebecca,2024-06-13T02:32:31Z
1,G6,Blakko,2024-06-25T11:41:07Z
1,G6,Aarebecca,2024-06-12T08:55:46Z
1,G6,Aarebecca,2024-06-12T08:54:09Z
1,G6,Aarebecca,2024-06-07T11:37:54Z
1,G6,Aarebecca,2024-06-07T11:38:07Z
1,G6,Aarebecca,2024-06-07T09:42:36Z
1,G6,Aarebecca,2024-06-07T11:44:01Z
1,G6,Aarebecca,2024-06-06T13:45:27Z
1,G6,Aarebecca,2024-06-06T06:52:39Z
1,G6,yvonneyx,2024-06-06T06:52:18Z
1,G6,Aarebecca,2024-06-06T03:06:52Z
1,G6,Aarebecca,2024-06-06T01:59:43Z
1,G6,Aarebecca,2024-06-06T01:59:57Z
1,G6,yvonneyx,2024-06-06T02:19:35Z
1,G6,Blakko,2024-06-07T11:39:03Z
1,G6,Aarebecca,2024-06-06T02:00:34Z
1,G6,Aarebecca,2024-06-06T02:00:45Z
1,G6,Aarebecca,2024-06-05T07:09:16Z
1,G6,Aarebecca,2024-06-04T13:32:50Z
1,G6,Aarebecca,2024-06-04T13:29:36Z
1,G6,yvonneyx,2024-06-04T13:29:59Z
1,G6,Aarebecca,2024-06-04T11:12:19Z
1,G6,Aarebecca,2024-06-04T05:56:14Z
1,G6,Aarebecca,2024-06-04T05:56:03Z
1,G6,Aarebecca,2024-06-04T03:36:49Z
1,G6,Aarebecca,2024-06-04T03:02:00Z
1,G6,yvonneyx,2024-06-05T03:25:03Z
1,G6,Aarebecca,2024-06-03T09:42:20Z
1,G6,Aarebecca,2024-06-03T09:19:47Z
1,G6,Aarebecca,2024-06-03T09:12:46Z
1,G6,Aarebecca,2024-06-03T06:46:38Z
1,G6,Aarebecca,2024-06-03T03:21:33Z
1,G6,yvonneyx,2024-06-03T09:21:23Z
1,G6,Aarebecca,2024-05-31T07:15:24Z
1,G6,Aarebecca,2024-05-30T11:22:27Z
1,G6,Aarebecca,2024-05-30T10:56:40Z
1,G6,Aarebecca,2024-05-30T06:07:46Z
1,G6,Aarebecca,2024-05-30T03:21:44Z
1,G6,Aarebecca,2024-05-29T13:10:16Z
1,G6,Aarebecca,
1,G6,vaynevayne,
1,G6,Fly-Potato,
1,G6,yvonneyx,2024-06-03T05:01:41Z
1,G6,Aarebecca,2024-06-03T09:44:00Z
1,G6,yvonneyx,2024-05-23T09:35:23Z
0,G6,hustcc,2024-05-23T03:59:43Z
1,G6,yvonneyx,2024-05-22T02:23:54Z
1,G6,yvonneyx,2024-05-22T02:22:49Z
1,G6,Aarebecca,2024-05-22T05:50:47Z
1,G6,Aarebecca,2024-05-20T07:18:21Z
1,G6,Aarebecca,2024-05-20T03:00:36Z
1,G6,Aarebecca,2024-05-20T03:04:49Z
1,G6,yvonneyx,2024-05-20T12:16:07Z
0,G6,hustcc,2024-05-17T11:43:47Z
1,G6,Aarebecca,2024-05-17T02:11:49Z
1,G6,Aarebecca,2024-05-16T13:07:32Z
1,G6,Aarebecca,2024-05-16T08:34:27Z
1,G6,Whf0403,2024-05-16T11:20:06Z
1,G6,Aarebecca,2024-05-16T06:19:30Z
1,G6,yvonneyx,2024-05-17T11:40:19Z
1,G6,yvonneyx,2024-05-15T07:11:49Z
1,G6,Whf0403,2024-05-16T02:13:08Z
1,G6,Aarebecca,2024-05-14T08:05:42Z
1,G6,Aarebecca,2024-05-13T16:12:20Z
1,G6,Aarebecca,2024-05-13T16:12:03Z
1,G6,Aarebecca,2024-05-13T08:56:48Z
1,G6,Aarebecca,2024-05-13T07:16:04Z
1,G6,Aarebecca,2024-05-13T06:50:21Z
1,G6,Aarebecca,2024-05-13T02:27:15Z
1,G6,Aarebecca,2024-05-12T10:02:43Z
1,G6,Aarebecca,2024-05-11T13:56:03Z
1,G6,Aarebecca,2024-05-11T13:52:22Z
1,G6,Aarebecca,2024-05-10T13:50:34Z
1,G6,yvonneyx,2024-05-10T11:24:01Z
1,G6,yvonneyx,2024-05-10T10:03:05Z
1,G6,yvonneyx,2024-05-10T06:29:40Z
1,G6,Aarebecca,2024-05-10T10:12:31Z
1,G6,yvonneyx,2024-05-09T12:29:40Z
1,G6,Aarebecca,2024-05-09T03:29:50Z
1,G6,Aarebecca,2024-05-09T02:04:27Z
1,G6,Whf0403,2024-05-09T13:25:49Z
1,G6,Aarebecca,2024-05-10T03:17:08Z
1,G6,yvonneyx,2024-05-08T09:04:47Z
1,G6,Aarebecca,2024-05-07T11:55:09Z
1,G6,yvonneyx,2024-05-07T12:43:47Z
1,G6,xiaoiver,2024-05-15T05:00:22Z
1,G6,Whf0403,2024-05-07T06:06:36Z
1,G6,Aarebecca,2024-05-06T02:52:18Z
1,G6,yvonneyx,2024-04-30T07:42:11Z
1,G6,Aarebecca,2024-04-29T02:18:07Z
1,G6,Aarebecca,2024-04-28T05:44:01Z
1,G6,yvonneyx,2024-04-29T09:13:33Z
1,G6,Whf0403,2024-04-29T05:33:20Z
1,G6,Aarebecca,2024-04-26T02:43:15Z
1,G6,Aarebecca,2024-04-25T11:10:19Z
1,G6,yvonneyx,2024-04-25T08:17:41Z
1,G6,yvonneyx,2024-04-25T04:50:23Z
1,G6,Aarebecca,2024-04-24T02:07:12Z
1,G6,Aarebecca,2024-04-23T14:09:43Z
1,G6,Aarebecca,2024-04-23T07:52:57Z
1,G6,ai-qing-hai,2024-04-23T07:53:36Z
1,G6,ai-qing-hai,
1,G6,Aarebecca,2024-04-23T07:56:29Z
1,G6,yvonneyx,2024-04-24T07:33:33Z
1,G6,Aarebecca,2024-04-22T10:17:44Z
1,G6,Aarebecca,2024-04-22T06:03:49Z
1,G6,ai-qing-hai,2024-04-28T09:00:01Z
1,G6,Aarebecca,2024-04-22T06:04:35Z
1,G6,Aarebecca,2024-04-18T15:06:58Z
1,G6,Aarebecca,2024-04-18T06:37:03Z
1,G6,Aarebecca,2024-04-18T02:05:05Z
1,G6,yvonneyx,2024-04-23T02:46:56Z
1,G6,Aarebecca,2024-04-17T01:32:41Z
1,G6,Aarebecca,2024-04-16T12:57:20Z
1,G6,Aarebecca,2024-04-16T13:29:21Z
1,G6,Aarebecca,2024-04-16T07:39:39Z
1,G6,Aarebecca,2024-04-15T16:59:41Z
1,G6,ai-qing-hai,2024-04-19T02:58:14Z
1,G6,yvonneyx,2024-04-15T17:03:40Z
1,G6,yvonneyx,2024-04-15T02:49:22Z
1,G6,yvonneyx,2024-04-12T07:05:06Z
1,G6,Aarebecca,2024-04-11T06:20:03Z
1,G6,Aarebecca,2024-04-08T14:34:17Z
1,G6,yvonneyx,2024-04-09T08:06:47Z
1,G6,Aarebecca,2024-04-07T10:54:15Z
1,G6,yvonneyx,2024-04-11T12:43:33Z
1,G6,ai-qing-hai,2024-04-07T09:12:27Z
1,G6,ai-qing-hai,2024-04-12T06:03:07Z
1,G6,Aarebecca,2024-04-07T09:10:49Z
1,G6,lhb2631225005,2024-04-07T09:12:06Z
1,G6,Aarebecca,2024-04-07T09:06:57Z
1,G6,Aarebecca,2024-04-03T12:47:00Z
1,G6,Aarebecca,2024-04-03T04:00:09Z
1,G6,Aarebecca,2024-04-03T03:59:22Z
1,G6,Aarebecca,2024-04-03T04:03:22Z
1,G6,Aarebecca,2024-04-02T11:50:20Z
1,G6,Aarebecca,2024-04-02T11:13:54Z
1,G6,k644606347,2024-04-28T02:28:15Z
1,G6,yvonneyx,2024-04-11T10:49:19Z
1,G6,Aarebecca,
1,G6,vaynevayne,
1,G6,Aarebecca,2024-04-01T03:18:01Z
1,G6,ai-qing-hai,2024-04-07T03:21:11Z
1,G6,Donovan-Ye,2024-03-27T16:13:07Z
1,G6,Aarebecca,2024-03-29T03:57:11Z
1,G6,ai-qing-hai,2024-03-28T05:16:44Z
0,G6,lxfu1,2024-04-02T15:29:06Z
0,G6,hustcc,2024-03-27T13:20:46Z
1,G6,Aarebecca,2024-03-25T03:15:10Z
1,G6,Aarebecca,2024-03-29T03:45:19Z
1,G6,Aarebecca,2024-03-25T02:05:44Z
1,G6,Aarebecca,2024-03-22T11:42:23Z
1,G6,Aarebecca,2024-03-22T09:21:12Z
1,G6,Aarebecca,2024-03-22T09:15:38Z
1,G6,yvonneyx,2024-03-25T12:50:20Z
1,G6,Aarebecca,2024-03-22T08:35:34Z
0,G6,hustcc,2024-03-22T11:03:35Z
0,G6,lxfu1,2024-03-22T10:00:13Z
1,G6,vaynevayne,2024-03-21T14:47:15Z
0,G6,hustcc,2024-03-21T12:12:31Z
1,G6,yvonneyx,2024-03-20T11:37:45Z
0,G6,hustcc,2024-03-18T02:29:44Z
1,G6,Aarebecca,2024-03-15T16:52:11Z
1,G6,Aarebecca,2024-03-15T15:07:32Z
0,G6,hustcc,2024-03-15T11:39:28Z
1,G6,Aarebecca,2024-03-15T16:39:25Z
0,G6,lxfu1,2024-03-15T15:36:23Z
0,G6,lxfu1,2024-03-15T15:30:00Z
0,G6,lxfu1,2024-03-15T15:22:26Z
1,G6,yvonneyx,2024-03-15T11:36:27Z
0,G6,lxfu1,2024-03-15T10:24:13Z
0,G6,lxfu1,2024-03-14T13:43:11Z
0,G6,hustcc,2024-03-15T02:43:31Z
0,G6,lxfu1,2024-03-14T11:42:31Z
0,G6,hustcc,2024-03-14T12:02:32Z
0,G6,hustcc,2024-03-14T11:43:53Z
0,G6,lxfu1,2024-03-13T12:14:54Z
1,G6,foolvip,2024-03-25T03:09:29Z
1,G6,yvonneyx,2024-03-13T06:45:23Z
1,G6,yvonneyx,2024-03-12T13:02:26Z
0,G6,lxfu1,
1,G6,yvonneyx,2024-03-12T13:15:46Z
1,G6,Aarebecca,2024-03-12T03:11:33Z
1,G6,yvonneyx,2024-03-11T14:35:21Z
1,G6,yvonneyx,2024-03-11T14:35:07Z
1,G6,Aarebecca,2024-03-11T10:30:52Z
1,G6,Aarebecca,2024-03-12T02:49:12Z
0,G6,hustcc,2024-03-08T10:41:01Z
1,G6,yvonneyx,2024-03-11T08:14:38Z
1,G6,yvonneyx,2024-03-08T08:47:54Z
0,G6,hustcc,2024-03-08T10:09:25Z
0,G6,hustcc,2024-03-08T04:25:25Z
0,G6,hustcc,2024-03-08T02:20:05Z
1,G6,Aarebecca,2024-03-08T08:31:18Z
0,G6,hustcc,2024-03-07T09:01:11Z
1,G6,Aarebecca,2024-03-07T03:22:23Z
1,G6,Aarebecca,2024-03-06T00:50:23Z
1,G6,Aarebecca,2024-03-06T12:02:15Z
1,G6,Aarebecca,2024-03-05T11:13:37Z
1,G6,yvonneyx,2024-03-07T06:17:34Z
1,G6,Aarebecca,2024-03-05T08:40:39Z
1,G6,Aarebecca,2024-03-05T07:00:06Z
1,G6,Aarebecca,2024-03-04T12:44:24Z
1,G6,yvonneyx,2024-03-01T05:20:43Z
0,G6,lxfu1,2024-03-07T12:20:09Z
0,G6,lxfu1,
0,G6,lxfu1,2024-03-05T07:17:50Z
1,G6,Aarebecca,2024-02-29T07:09:56Z
1,G6,yvonneyx,2024-02-28T04:34:24Z
1,G6,omahs,2024-02-27T13:07:36Z
1,G6,Aarebecca,2024-02-28T07:45:25Z
1,G6,Aarebecca,
1,G6,yvonneyx,2024-03-04T11:02:12Z
1,G6,Aarebecca,2024-02-26T08:56:43Z
1,G6,Aarebecca,2024-02-26T02:24:03Z
1,G6,Aarebecca,2024-02-26T10:48:21Z
0,G6,hustcc,2024-02-23T10:51:23Z
1,G6,yvonneyx,2024-02-26T07:45:59Z
1,G6,yvonneyx,2024-02-23T02:50:05Z
0,G6,hustcc,
1,G6,yvonneyx,2024-02-22T12:41:56Z
1,G6,Aarebecca,2024-02-22T07:56:21Z
0,G6,hustcc,2024-02-22T07:59:46Z
1,G6,Aarebecca,2024-02-22T01:37:09Z
0,G6,hustcc,2024-02-22T02:44:04Z
0,G6,hustcc,2024-02-21T05:20:10Z
0,G6,hustcc,2024-02-20T13:41:26Z
1,G6,yvonneyx,2024-02-22T01:35:14Z
0,G6,hustcc,2024-02-20T11:13:22Z
1,G6,yvonneyx,2024-02-20T04:51:50Z
0,G6,hustcc,2024-02-20T05:25:29Z
1,G6,Aarebecca,2024-02-21T09:19:10Z
1,G6,Aarebecca,2024-02-19T12:08:03Z
0,G6,hustcc,2024-02-19T12:54:12Z
0,G6,hustcc,2024-02-19T03:44:13Z
1,G6,Aarebecca,2024-02-19T01:58:36Z
0,G6,hustcc,2024-02-18T04:28:14Z
1,G6,Grs257,
1,G6,Aarebecca,2024-02-08T02:27:19Z
1,G6,Aarebecca,2024-02-07T07:25:40Z
1,G6,yvonneyx,2024-02-07T05:38:20Z
1,G6,zqqcee,2024-03-06T00:50:36Z
1,G6,Aarebecca,2024-02-07T02:48:30Z
1,G6,augustaba,
1,G6,yvonneyx,2024-02-07T14:30:26Z
1,G6,zqqcee,2024-02-06T07:33:47Z
1,G6,Aarebecca,2024-02-18T03:36:50Z
1,G6,yvonneyx,2024-02-06T02:28:18Z
1,G6,li1615882553,2024-02-06T03:49:36Z
1,G6,ai-qing-hai,2024-02-05T03:18:46Z
1,G6,yvonneyx,2024-02-04T08:06:48Z
1,G6,spengjie,2024-02-22T10:48:34Z
1,G6,Aarebecca,2024-02-04T09:21:28Z
0,G6,hustcc,2024-02-04T08:50:12Z
1,G6,ai-qing-hai,
1,G6,yvonneyx,2024-02-02T10:05:56Z
1,G6,yvonneyx,
0,G6,hustcc,2024-02-03T01:38:00Z
1,G6,Aarebecca,2024-02-01T06:39:10Z
1,G6,yvonneyx,2024-02-01T06:48:55Z
1,G6,yvonneyx,2024-01-31T12:34:48Z
1,G6,Aarebecca,2024-02-02T09:34:34Z
1,G6,Aarebecca,2024-01-30T07:36:07Z
0,G6,hustcc,2024-01-30T06:33:15Z
0,G6,hustcc,2024-01-30T02:46:30Z
1,G6,yvonneyx,2024-01-31T05:02:15Z
1,G6,Aarebecca,2024-01-29T02:04:55Z
1,G6,Aarebecca,2024-01-28T13:23:19Z
0,G6,hustcc,2024-01-30T02:52:24Z
1,G6,spengjie,2024-01-31T14:20:26Z
0,G6,hustcc,2024-01-26T09:51:21Z
1,G6,Aarebecca,2024-01-26T07:58:55Z
1,G6,Aarebecca,2024-01-26T02:59:52Z
1,G6,Aarebecca,2024-01-25T13:57:00Z
1,G6,Aarebecca,2024-01-25T13:19:17Z
1,G6,Aarebecca,2024-01-23T12:48:54Z
1,G6,Aarebecca,2024-01-23T06:03:20Z
1,G6,Aarebecca,2024-01-23T06:40:43Z
0,G6,hustcc,2024-01-24T04:37:03Z
1,G6,Aarebecca,
1,G6,Shen120,2024-01-22T05:22:16Z
1,G6,Aarebecca,
0,G6,hustcc,2024-01-19T06:23:58Z
0,G6,hustcc,2024-01-19T01:58:10Z
1,G6,yvonneyx,2024-01-17T10:59:21Z
0,G6,hustcc,2024-01-17T10:49:48Z
1,G6,yvonneyx,2024-01-17T01:28:58Z
1,G6,Aarebecca,2024-01-15T07:20:30Z
1,G6,Aarebecca,2024-01-12T09:54:44Z
1,G6,Aarebecca,2024-01-09T02:39:33Z
1,G6,yvonneyx,2024-01-09T11:58:45Z
1,G6,Aarebecca,2024-01-09T02:10:23Z
1,G6,Aarebecca,
1,G6,Aarebecca,2024-01-02T08:06:03Z
1,G6,k644606347,
1,G6,Aarebecca,2023-12-29T06:46:35Z
1,G6,Aarebecca,2023-12-29T06:43:16Z
1,G6,Aarebecca,2023-12-29T07:58:03Z
1,G6,Aarebecca,2023-12-28T03:05:10Z
1,G6,JeffreyCheungGit,
1,G6,jasinliu,
0,G6,hustcc,2024-01-05T09:14:07Z
0,G6,hustcc,2023-12-14T13:16:51Z
1,G6,Aarebecca,2023-12-14T12:41:34Z
1,G6,Aarebecca,2023-12-13T08:51:03Z
1,G6,Aarebecca,2023-12-13T07:38:45Z
1,G6,Aarebecca,2023-12-12T13:49:09Z
1,G6,Aarebecca,2023-12-12T06:52:08Z
1,G6,Aarebecca,2023-12-12T04:34:15Z
1,G6,Aarebecca,2023-12-12T02:53:57Z
1,G6,Aarebecca,2023-12-12T01:43:15Z
1,G6,Aarebecca,2023-12-11T16:01:05Z
1,G6,Aarebecca,2023-12-11T15:36:42Z
1,G6,Aarebecca,2023-12-11T15:09:03Z
0,G6,hustcc,2023-12-11T11:37:54Z
0,G6,hustcc,2023-12-11T11:28:13Z
1,G6,Aarebecca,2023-12-11T04:27:00Z
1,G6,Aarebecca,2023-12-09T09:33:22Z
1,G6,Aarebecca,2023-12-08T16:31:34Z
1,G6,Aarebecca,2023-12-08T16:27:34Z
1,G6,Aarebecca,2023-12-08T16:27:04Z
1,G6,Aarebecca,2023-12-08T15:55:28Z
1,G6,Aarebecca,2023-12-08T16:27:22Z
1,G6,yvonneyx,2023-12-08T12:24:47Z
1,G6,Simon-He95,2023-12-08T12:25:27Z
1,G6,GemT27,2023-12-08T12:27:30Z
1,G6,Aarebecca,
1,G6,Simon-He95,2023-12-05T01:48:35Z
1,G6,Aarebecca,2023-12-04T13:24:44Z
1,G6,Aarebecca,2023-12-04T12:46:28Z
1,G6,zmcode,
1,G6,Aarebecca,2023-12-04T06:42:33Z
1,G6,Aarebecca,2023-12-01T09:44:49Z
1,G6,Aarebecca,2023-11-29T03:10:19Z
1,G6,Aarebecca,2023-11-29T02:51:32Z
1,G6,xiaoiver,2023-11-29T06:24:26Z
1,G6,Aarebecca,2023-11-27T13:01:11Z
1,G6,Aarebecca,2023-11-27T12:47:32Z
1,G6,Aarebecca,2023-11-27T11:34:28Z
1,G6,Aarebecca,2023-11-27T11:28:45Z
1,G6,Aarebecca,2023-11-27T10:03:36Z
1,G6,Aarebecca,2023-11-27T09:43:59Z
1,G6,Aarebecca,2023-11-27T08:57:51Z
1,G6,GemT27,2023-12-04T07:19:49Z
1,G6,Aarebecca,2023-11-26T06:22:14Z
1,G6,k644606347,
1,G6,yvonneyx,2023-11-29T02:59:21Z
1,G6,Yanyan-Wang,2023-11-22T05:19:37Z
1,G6,Yanyan-Wang,2023-11-22T03:39:29Z
1,G6,Aarebecca,2023-11-22T04:11:11Z
1,G6,Aarebecca,2023-11-22T04:34:16Z
1,G6,ai-qing-hai,2023-11-21T10:48:49Z
1,G6,yvonneyx,2023-11-22T02:36:13Z
1,G6,ai-qing-hai,2023-11-21T07:03:03Z
1,G6,yvonneyx,2023-11-21T06:56:48Z
1,G6,ai-qing-hai,2023-11-20T11:39:59Z
1,G6,Aarebecca,2023-11-22T02:22:30Z
1,G6,Aarebecca,2023-11-20T09:11:49Z
1,G6,Aarebecca,2023-11-20T01:49:16Z
1,G6,Aarebecca,2023-11-20T01:50:37Z
1,G6,kingyue737,2023-11-29T03:32:18Z
1,G6,yvonneyx,2023-11-21T09:19:15Z
1,G6,Aarebecca,2023-11-16T03:10:09Z
0,G6,pomelo-nwu,2023-11-29T03:02:21Z
1,G6,yvonneyx,2023-11-15T13:16:18Z
1,G6,Aarebecca,2023-11-15T13:26:30Z
1,G6,Aarebecca,2023-11-13T13:52:10Z
1,G6,Aarebecca,2023-11-13T05:50:04Z
1,G6,Aarebecca,2023-11-13T04:54:36Z
1,G6,Yanyan-Wang,2023-11-10T10:48:04Z
1,G6,Yanyan-Wang,2023-11-10T07:01:22Z
1,G6,Yanyan-Wang,2023-11-10T06:51:36Z
1,G6,Yanyan-Wang,2023-11-10T06:04:51Z
1,G6,yvonneyx,
1,G6,drl990114,2023-12-08T12:32:08Z
1,G6,Yanyan-Wang,2023-11-08T01:56:08Z
1,G6,Yanyan-Wang,2023-11-01T09:20:09Z
1,G6,Yanyan-Wang,2023-11-01T08:30:40Z
1,G6,yvonneyx,2023-12-08T12:33:40Z
1,G6,Yanyan-Wang,2023-11-01T07:59:16Z
1,G6,Yanyan-Wang,2023-10-25T03:35:18Z
0,G6,pomelo-nwu,2023-10-24T09:36:10Z
1,G6,curious-broccoli,
1,G6,Aarebecca,2023-12-11T14:27:31Z
1,G6,Yanyan-Wang,2023-10-24T09:40:32Z
0,G6,pomelo-nwu,2023-10-16T06:45:11Z
1,G6,Yanyan-Wang,2023-10-11T12:38:02Z
1,G6,Aarebecca,2023-10-11T12:00:34Z
1,G6,Yanyan-Wang,2023-10-10T08:36:10Z
1,G6,iahu,2023-10-10T08:26:23Z
1,G6,yvonneyx,2023-10-18T03:03:28Z
1,G6,Yanyan-Wang,2023-10-10T09:09:52Z
1,G6,Yanyan-Wang,2023-10-07T11:44:27Z
1,G6,Yanyan-Wang,2023-10-07T11:36:57Z
1,G6,xiaoiver,2023-10-08T03:29:39Z
1,G6,xiaoiver,2023-10-07T04:22:09Z
0,G6,hustcc,2023-10-07T04:23:19Z
1,G6,yvonneyx,
1,G6,puxiao,2023-10-07T04:24:31Z
1,G6,XiaoRIGE,2023-10-08T10:25:45Z
1,G6,XiaoRIGE,2023-10-08T05:36:46Z
1,G6,Yanyan-Wang,2023-09-25T11:24:03Z
1,G6,Yanyan-Wang,2023-10-08T06:59:31Z
1,G6,Yanyan-Wang,2023-09-21T09:18:01Z
1,G6,Yanyan-Wang,2023-09-21T08:46:56Z
1,G6,Yanyan-Wang,2023-09-20T13:48:19Z
1,G6,fisherLLCy,2023-09-26T01:34:13Z
1,G6,ColinChen2,2023-09-26T01:45:56Z
1,G6,ColinChen2,
1,G6,Yanyan-Wang,2023-09-20T11:07:45Z
1,G6,Yanyan-Wang,2023-09-20T02:44:03Z
1,G6,fisherLLCy,2023-09-26T01:40:48Z
1,G6,Arichy,2023-09-20T01:29:20Z
1,G6,Yanyan-Wang,2023-09-19T10:09:43Z
1,G6,Yanyan-Wang,2023-09-19T03:03:27Z
1,G6,Yanyan-Wang,2023-09-20T02:12:20Z
1,G6,Yanyan-Wang,2023-09-13T02:52:35Z
1,G6,fisherLLCy,2023-09-13T06:08:34Z
1,G6,yvonneyx,2023-10-10T11:23:57Z
1,G6,Yanyan-Wang,2023-09-11T01:20:32Z
1,G6,yvonneyx,2023-09-11T01:27:42Z
1,G6,iahu,2023-09-10T14:49:45Z
1,G6,liaodalin19903,2023-09-08T01:45:17Z
1,G6,Yanyan-Wang,2023-09-12T02:05:40Z
1,G6,hipi,2023-09-07T11:53:43Z
0,G6,visiky,2023-09-10T14:46:43Z
1,G6,liaodalin19903,2023-09-08T01:45:21Z
1,G6,Yanyan-Wang,2023-09-06T06:55:42Z
1,G6,Yanyan-Wang,2023-09-04T12:11:06Z
1,G6,Yanyan-Wang,2023-09-04T12:05:59Z
1,G6,Yanyan-Wang,2023-09-04T07:08:33Z
1,G6,Yanyan-Wang,2023-09-01T08:11:48Z
1,G6,Yanyan-Wang,2023-09-01T09:24:01Z
1,G6,Yanyan-Wang,2023-09-01T07:49:40Z
1,G6,Yanyan-Wang,2023-09-01T02:20:13Z
1,G6,Yanyan-Wang,2023-08-31T16:14:47Z
1,G6,Yanyan-Wang,2023-08-31T16:08:54Z
1,G6,Yanyan-Wang,2023-08-31T15:40:20Z
1,G6,Yanyan-Wang,2023-08-31T14:22:46Z
0,G6,pomelo-nwu,2023-08-31T14:15:50Z
1,G6,Aarebecca,2023-08-31T15:39:40Z
1,G6,Yanyan-Wang,2023-08-31T12:06:22Z
1,G6,Yanyan-Wang,2023-08-31T12:00:49Z
1,G6,yvonneyx,2023-08-31T13:29:06Z
1,G6,zqqcee,2023-08-31T05:48:11Z
1,G6,feikerwu,2023-09-20T09:05:52Z
1,G6,xiaoiver,2023-08-31T03:12:14Z
1,G6,zqqcee,2023-08-31T05:21:35Z
1,G6,Yanyan-Wang,2023-08-31T01:11:25Z
0,G6,pomelo-nwu,2023-08-30T17:21:25Z
0,G6,pomelo-nwu,2023-08-30T17:43:08Z
1,G6,zqqcee,2023-08-31T01:14:36Z
0,G6,pomelo-nwu,2023-08-30T14:59:16Z
1,G6,zqqcee,2023-08-30T12:12:29Z
1,G6,zqqcee,
1,G6,xiaoiver,2023-08-30T11:46:01Z
1,G6,zqqcee,2023-08-30T11:14:52Z
1,G6,zqqcee,
0,G6,pomelo-nwu,2023-08-30T11:46:37Z
1,G6,zqqcee,2023-08-30T11:05:17Z
0,G6,pomelo-nwu,
1,G6,k644606347,2023-09-13T06:00:18Z
1,G6,Yanyan-Wang,2023-08-30T06:36:30Z
0,G6,pomelo-nwu,2023-08-29T10:39:28Z
1,G6,Yanyan-Wang,2023-08-29T07:18:28Z
0,G6,pomelo-nwu,2023-08-29T07:38:08Z
1,G6,Yanyan-Wang,2023-08-29T01:05:08Z
1,G6,Yanyan-Wang,2023-08-29T07:32:44Z
1,G6,zqqcee,2023-08-28T17:38:09Z
1,G6,yvonneyx,2023-08-29T07:24:58Z
1,G6,Fadingvision,2023-09-01T07:57:43Z
1,G6,Yanyan-Wang,2023-08-25T05:05:55Z
1,G6,Yanyan-Wang,2023-08-25T02:36:49Z
0,G6,pomelo-nwu,2023-08-28T04:38:35Z
1,G6,Yanyan-Wang,2023-08-25T01:50:55Z
1,G6,zqqcee,2023-08-24T11:44:22Z
1,G6,yvonneyx,2023-08-24T04:37:14Z
1,G6,Yanyan-Wang,2023-08-24T02:19:58Z
1,G6,Yanyan-Wang,2023-08-24T06:08:15Z
1,G6,zqqcee,2023-08-22T09:33:25Z
1,G6,Yanyan-Wang,2023-08-22T06:15:19Z
1,G6,liaodalin19903,
1,G6,yvonneyx,2023-08-23T12:25:50Z
1,G6,zqqcee,2023-08-22T04:38:21Z
1,G6,Yanyan-Wang,2023-08-22T07:05:32Z
1,G6,Yanyan-Wang,2023-08-25T02:25:58Z
1,G6,zqqcee,2023-08-21T15:30:35Z
1,G6,zqqcee,2023-08-23T05:40:54Z
0,G6,pomelo-nwu,2023-08-22T11:33:49Z
0,G6,pomelo-nwu,2023-08-23T01:19:56Z
1,G6,yvonneyx,2023-08-24T08:32:22Z
1,G6,xiaoiver,
1,G6,zqqcee,2023-08-25T02:32:21Z
1,G6,Arichy,2023-08-22T03:44:41Z
0,G6,pomelo-nwu,2023-08-23T01:19:59Z
1,G6,Yanyan-Wang,2023-08-11T06:41:05Z
1,G6,xiaoiver,2023-09-05T02:47:58Z
1,G6,Yanyan-Wang,2023-08-31T01:19:58Z
1,G6,yvonneyx,2023-08-24T11:15:08Z
1,G6,Yanyan-Wang,2023-08-21T01:59:04Z
1,G6,liaodalin19903,
1,G6,Yanyan-Wang,2023-08-07T08:13:37Z
1,G6,xiaoiver,2023-08-10T02:22:51Z
1,G6,Yanyan-Wang,2023-07-26T14:05:34Z
1,G6,veeui,
1,G6,liaodalin19903,
1,G6,Yanyan-Wang,2023-07-18T01:55:11Z
1,G6,Aarebecca,2023-07-17T10:43:42Z
1,G6,Aarebecca,2023-07-17T10:41:57Z
1,G6,Yanyan-Wang,2023-07-17T08:46:53Z
1,G6,Yanyan-Wang,2023-08-01T03:31:48Z
0,L7,lvisei,2024-06-26T03:31:33Z
0,L7,lvisei,2024-06-12T09:15:13Z
0,L7,lvisei,2024-06-12T08:23:31Z
0,L7,lvisei,2024-06-11T06:39:25Z
0,L7,lvisei,2024-06-07T09:32:41Z
0,L7,lvisei,2024-06-07T10:00:35Z
0,L7,lvisei,2024-06-05T12:40:17Z
0,L7,lvisei,2024-06-05T12:46:01Z
0,L7,lvisei,2024-06-04T07:06:36Z
0,L7,lvisei,2024-05-31T08:16:52Z
0,L7,lvisei,2024-05-29T09:50:43Z
0,L7,lvisei,2024-05-29T06:27:01Z
0,L7,lvisei,2024-05-31T08:59:14Z
0,L7,lvisei,2024-06-11T13:00:30Z
0,L7,lvisei,2024-05-24T08:30:18Z
0,L7,lvisei,2024-05-24T02:44:56Z
1,L7,heiyexing,2024-05-23T05:04:16Z
1,L7,xiaoiver,2024-05-21T12:02:40Z
0,L7,lvisei,
0,L7,lvisei,2024-05-16T13:00:15Z
0,L7,lvisei,2024-05-16T09:23:34Z
0,L7,lvisei,2024-05-16T06:38:58Z
1,L7,xiaoiver,2024-05-16T06:34:00Z
0,L7,lvisei,2024-05-16T02:55:11Z
0,L7,lvisei,2024-05-15T13:03:43Z
0,L7,lvisei,2024-05-15T12:38:47Z
0,L7,lvisei,2024-05-15T12:35:39Z
0,L7,lvisei,2024-05-15T12:33:28Z
0,L7,lvisei,2024-05-15T10:45:45Z
0,L7,lvisei,2024-05-15T07:38:28Z
0,L7,lvisei,2024-05-15T07:26:07Z
1,L7,xiaoiver,2024-05-15T10:39:04Z
1,L7,heiyexing,2024-05-15T06:59:31Z
0,L7,lvisei,2024-05-15T05:03:20Z
1,L7,admin8756,2024-05-14T05:57:18Z
0,L7,lvisei,2024-05-15T02:57:16Z
0,L7,lvisei,2024-05-16T07:14:46Z
0,L7,lvisei,2024-05-09T09:31:07Z
0,L7,lvisei,2024-05-09T06:02:40Z
1,L7,heiyexing,2024-05-08T02:09:17Z
1,L7,lzxue,2024-04-30T07:34:58Z
0,L7,lvisei,2024-04-29T12:57:16Z
0,L7,lvisei,2024-05-06T08:39:00Z
0,L7,lvisei,2024-04-28T12:13:01Z
0,L7,lvisei,2024-04-24T03:03:40Z
1,L7,lzxue,2024-04-23T03:20:07Z
1,L7,lzxue,2024-04-22T07:04:45Z
1,L7,lzxue,
0,L7,lvisei,2024-04-30T07:07:21Z
1,L7,Dreammy23,2024-04-19T07:16:58Z
0,L7,lvisei,2024-04-17T12:34:21Z
0,L7,lvisei,2024-04-17T05:28:08Z
0,L7,lvisei,2024-04-17T03:18:13Z
0,L7,lvisei,2024-04-17T02:56:10Z
0,L7,lvisei,2024-04-16T13:13:24Z
1,L7,Dreammy23,2024-04-16T13:16:40Z
1,L7,Dreammy23,2024-04-15T02:42:52Z
1,L7,Dreammy23,
1,L7,Dreammy23,2024-04-12T09:29:55Z
1,L7,Dreammy23,2024-04-12T09:24:31Z
1,L7,Dreammy23,2024-04-12T09:22:38Z
1,L7,heiyexing,2024-04-10T06:21:24Z
0,L7,lvisei,2024-04-09T09:00:25Z
0,L7,lvisei,2024-04-09T08:25:51Z
0,L7,lvisei,2024-04-17T11:17:42Z
0,L7,lvisei,2024-04-09T02:39:20Z
0,L7,lvisei,2024-04-07T11:57:44Z
0,L7,lvisei,2024-04-07T11:37:29Z
0,L7,lvisei,2024-04-01T11:55:06Z
0,L7,lvisei,2024-04-01T11:28:27Z
0,L7,lvisei,2024-04-01T05:08:18Z
0,L7,lvisei,2024-04-01T02:04:06Z
0,L7,lvisei,2024-03-29T08:21:03Z
0,L7,lvisei,2024-03-28T05:53:10Z
1,L7,lzxue,2024-03-23T08:34:26Z
1,L7,lzxue,2024-03-22T07:42:02Z
1,L7,websybin,2024-03-21T08:28:43Z
1,L7,websybin,
1,L7,websybin,2024-03-20T08:19:42Z
1,L7,lzxue,2024-03-22T06:24:50Z
1,L7,websybin,2024-03-18T06:28:41Z
1,L7,lzxue,2024-03-18T06:28:24Z
1,L7,lzxue,2024-03-15T02:25:22Z
1,L7,heiyexing,2024-03-14T07:28:57Z
0,L7,lvisei,2024-03-11T09:55:06Z
0,L7,lvisei,2024-03-07T05:49:08Z
1,L7,lzxue,2024-03-05T06:51:02Z
1,L7,lzxue,2024-03-05T06:15:47Z
1,L7,heiyexing,
1,L7,xiaoiver,2024-03-07T08:17:47Z
1,L7,lzxue,
1,L7,lzxue,
1,L7,lzxue,
1,L7,lzxue,
1,L7,lzxue,2024-02-27T05:54:35Z
1,L7,taiyuanhy,
1,L7,lzxue,2024-02-23T05:54:05Z
1,L7,lzxue,2024-02-23T05:42:53Z
1,L7,lzxue,2024-02-22T02:42:50Z
1,L7,lzxue,2024-02-21T11:27:56Z
1,L7,lzxue,2024-02-21T11:29:51Z
1,L7,lzxue,2024-02-21T10:02:32Z
1,L7,lzxue,2024-02-21T08:07:34Z
1,L7,websybin,2024-02-21T08:16:27Z
1,L7,lzxue,2024-02-21T03:27:34Z
1,L7,heiyexing,2024-02-21T03:27:14Z
1,L7,heiyexing,2024-02-19T03:12:31Z
1,L7,heiyexing,
1,L7,lzxue,2024-02-19T02:31:22Z
1,L7,taiyuanhy,2024-02-02T09:24:53Z
1,L7,heiyexing,2024-01-30T08:04:36Z
1,L7,KipSong,2024-01-30T08:07:04Z
1,L7,xiaoiver,2024-01-24T05:45:40Z
1,L7,Euraxluo,2024-01-22T07:56:56Z
1,L7,lzxue,2024-01-30T08:06:11Z
1,L7,xiaoiver,2024-01-17T13:39:25Z
1,L7,lzxue,2024-01-16T09:52:44Z
1,L7,lzxue,2024-01-16T02:13:06Z
1,L7,zhnny,2024-01-11T06:34:11Z
1,L7,lzxue,
1,L7,zhnny,2024-01-08T14:38:41Z
1,L7,taiyuanhy,2024-01-10T06:02:16Z
1,L7,lzxue,2024-01-08T06:34:41Z
1,L7,lzxue,2024-01-02T02:35:34Z
1,L7,Dreammy23,2024-01-02T02:23:37Z
1,L7,lzxue,2023-12-29T08:47:15Z
1,L7,heiyexing,2023-12-29T07:40:10Z
1,L7,lzxue,2023-12-28T02:48:09Z
1,L7,lzxue,2023-12-27T12:38:12Z
1,L7,xiaoiver,2024-01-09T03:36:56Z
1,L7,lzxue,2023-12-27T12:38:00Z
1,L7,Dreammy23,2023-12-26T03:44:00Z
1,L7,lzxue,2023-12-26T02:57:13Z
1,L7,lzxue,2023-12-25T10:43:43Z
1,L7,Dreammy23,2023-12-25T10:41:40Z
1,L7,xiaoiver,2023-12-25T08:34:27Z
1,L7,lzxue,2023-12-25T08:33:50Z
1,L7,lzxue,2023-12-25T03:35:27Z
1,L7,Dreammy23,2023-12-25T03:35:14Z
1,L7,lzxue,2023-12-22T06:51:00Z
1,L7,lzxue,2023-12-22T02:11:50Z
1,L7,lzxue,2023-12-22T02:12:12Z
1,L7,lzxue,2023-12-21T10:45:59Z
1,L7,ai-qing-hai,2023-12-21T09:40:45Z
1,L7,ai-qing-hai,
1,L7,lzxue,2023-12-21T08:39:31Z
1,L7,lzxue,2023-12-20T11:59:13Z
1,L7,taiyuanhy,2023-12-21T02:05:40Z
1,L7,lzxue,2023-12-20T06:09:06Z
1,L7,lzxue,2023-12-19T10:01:36Z
1,L7,xiaoiver,2023-12-21T02:04:22Z
1,L7,lzxue,2023-12-19T08:01:15Z
1,L7,lzxue,2023-12-19T07:56:03Z
1,L7,xiaoiver,2023-12-19T07:15:21Z
1,L7,lzxue,2023-12-19T05:49:39Z
1,L7,taiyuanhy,2023-12-19T08:19:42Z
1,L7,zhnny,2023-12-18T12:05:06Z
1,L7,zhnny,2023-12-18T12:04:23Z
1,L7,xiaoiver,2023-12-18T12:12:38Z
1,L7,taiyuanhy,2023-12-19T07:16:29Z
1,L7,lzxue,2023-12-18T05:59:04Z
1,L7,zhnny,2023-12-18T02:11:38Z
1,L7,leidao,2023-12-18T02:13:16Z
1,L7,lzxue,2023-12-13T10:00:26Z
1,L7,lzxue,2023-12-13T10:00:45Z
1,L7,lzxue,2023-12-13T10:01:59Z
1,L7,lzxue,2023-12-13T10:01:03Z
1,L7,xiaoiver,2023-12-15T06:04:02Z
1,L7,taiyuanhy,2023-12-18T02:34:11Z
1,L7,xiaoiver,2023-12-12T08:22:45Z
1,L7,taiyuanhy,2023-12-12T03:53:22Z
1,L7,lzxue,2023-12-11T09:18:34Z
1,L7,lzxue,2023-12-11T06:32:34Z
1,L7,taiyuanhy,2023-12-11T07:35:54Z
1,L7,MarkLei7,2023-12-11T08:13:49Z
1,L7,MarkLei7,2023-12-11T08:14:03Z
1,L7,taiyuanhy,2023-12-08T09:53:08Z
1,L7,lzxue,2023-12-08T09:53:29Z
1,L7,lzxue,
1,L7,lzxue,2023-12-08T07:16:05Z
1,L7,lzxue,2023-12-08T09:53:52Z
1,L7,MarkLei7,2023-12-08T06:30:03Z
0,L7,lvisei,2023-12-12T08:26:15Z
1,L7,zhnny,2023-12-11T08:14:19Z
1,L7,lzxue,2023-12-11T08:09:00Z
1,L7,taiyuanhy,2023-12-08T02:08:07Z
1,L7,lzxue,2023-12-13T05:11:24Z
1,L7,MarkLei7,
1,L7,xiaoiver,2023-12-06T08:03:56Z
1,L7,lzxue,2023-12-06T06:44:25Z
1,L7,lzxue,2023-12-08T04:00:50Z
1,L7,xiaoiver,2023-12-06T06:06:47Z
1,L7,Knight-wh,2023-12-06T06:07:11Z
1,L7,zhnny,2023-12-06T04:47:16Z
1,L7,zhnny,2023-12-06T06:07:50Z
1,L7,lzxue,2023-12-05T06:17:59Z
1,L7,lzxue,2023-12-04T13:04:03Z
1,L7,lzxue,2023-12-04T07:01:37Z
1,L7,lzxue,2023-12-01T05:47:43Z
1,L7,lzxue,2023-12-01T10:53:03Z
1,L7,Euraxluo,2023-12-01T05:48:45Z
1,L7,lzxue,2023-12-01T11:11:48Z
1,L7,Euraxluo,2023-12-01T05:49:09Z
1,L7,taiyuanhy,2023-12-01T02:50:08Z
1,L7,lzxue,2023-11-30T06:48:46Z
1,L7,lzxue,2023-11-30T02:55:45Z
1,L7,lzxue,2023-11-30T02:07:51Z
1,L7,lzxue,2023-11-29T12:12:23Z
1,L7,xiaoiver,2023-12-05T09:36:00Z
1,L7,lzxue,2023-11-28T10:57:02Z
1,L7,heiyexing,2023-11-28T07:38:01Z
1,L7,zhuyyafd,2023-12-01T02:08:54Z
1,L7,lzxue,2023-11-27T08:18:11Z
1,L7,lzxue,2023-11-27T07:06:10Z
1,L7,lzxue,2023-11-24T02:01:19Z
0,L7,lvisei,2023-11-22T07:12:15Z
1,L7,lzxue,2023-11-22T03:25:44Z
1,L7,lzxue,2023-11-22T03:25:24Z
1,L7,heiyexing,2023-11-21T13:20:12Z
1,L7,ai-qing-hai,2023-11-21T11:44:10Z
1,L7,ai-qing-hai,2023-11-21T02:02:36Z
1,L7,taiyuanhy,2023-11-16T15:10:21Z
1,L7,heiyexing,2023-11-16T08:00:21Z
1,L7,lzxue,2023-11-16T07:59:53Z
1,L7,heiyexing,2023-11-16T02:30:51Z
1,L7,lzxue,2023-11-16T02:21:00Z
1,L7,lzxue,2023-11-15T15:36:12Z
1,L7,heiyexing,2023-11-15T13:01:01Z
1,L7,code-maker-code,2023-11-23T05:57:45Z
1,L7,lzxue,2023-11-15T15:44:45Z
1,L7,heiyexing,2023-11-15T05:04:25Z
1,L7,lzxue,
1,L7,taiyuanhy,2023-11-23T05:58:54Z
1,L7,taiyuanhy,
1,L7,Pureblackkk,2023-11-24T03:02:39Z
1,L7,gy001302,
1,L7,gy001302,
1,L7,lzxue,2023-11-13T07:04:28Z
1,L7,LiuJianhuo,2023-11-13T06:30:39Z
1,L7,lzxue,2023-11-13T05:36:13Z
1,L7,Pureblackkk,2023-11-10T06:56:54Z
1,L7,hcfq1999,2023-11-10T06:55:29Z
1,L7,lzxue,2023-11-10T06:57:25Z
1,L7,lzxue,2023-11-09T15:44:44Z
1,L7,code-maker-code,2023-11-09T09:50:58Z
0,L7,lvisei,2023-11-09T02:53:41Z
1,L7,lzxue,
1,L7,lzxue,
1,L7,Pureblackkk,2023-11-09T02:54:27Z
1,L7,Pureblackkk,2023-11-07T06:16:28Z
1,L7,lzxue,2023-11-13T07:05:38Z
0,L7,lvisei,2023-11-08T08:53:50Z
1,L7,lzxue,2023-11-03T13:09:46Z
1,L7,lzxue,2023-11-09T09:52:07Z
1,L7,lzxue,
1,L7,lzxue,2023-11-03T07:51:26Z
1,L7,lzxue,2023-11-03T02:58:00Z
1,L7,lzxue,2023-11-03T01:49:54Z
0,L7,lvisei,2023-11-02T09:37:59Z
1,L7,lzxue,2023-11-02T12:49:07Z
0,L7,lvisei,2023-11-01T15:42:25Z
1,L7,lzxue,2023-10-31T13:29:48Z
1,L7,heiyexing,2023-10-30T09:40:12Z
1,L7,websybin,2023-10-30T06:57:56Z
1,L7,lzxue,2023-10-30T05:57:21Z
1,L7,websybin,2023-10-30T05:57:01Z
1,L7,lzxue,2023-10-30T02:30:43Z
1,L7,lzxue,2023-10-30T02:33:21Z
1,L7,lzxue,2023-10-28T14:42:44Z
1,L7,lzxue,2023-10-28T14:42:12Z
1,L7,lzxue,2023-10-28T06:32:02Z
1,L7,lzxue,2023-10-28T05:56:47Z
1,L7,lzxue,2023-10-28T04:40:46Z
1,L7,lzxue,2023-10-28T04:12:15Z
1,L7,KipSong,2023-10-28T04:17:22Z
1,L7,KipSong,
1,L7,Pureblackkk,2023-10-28T04:36:38Z
1,L7,KipSong,
1,L7,lzxue,2023-10-26T12:56:03Z
1,L7,xiaoiver,2023-11-14T13:04:32Z
1,L7,lzxue,2023-10-25T08:14:29Z
1,L7,lzxue,2023-10-25T08:29:37Z
1,L7,lzxue,2023-10-25T07:46:02Z
1,L7,lzxue,2023-10-25T07:45:43Z
1,L7,lzxue,2023-10-23T01:32:08Z
1,L7,lzxue,2023-10-19T14:12:09Z
1,L7,lzxue,
1,L7,lzxue,2023-10-19T03:41:59Z
1,L7,lzxue,2023-10-17T12:50:06Z
1,L7,KipSong,2023-10-25T12:13:00Z
1,L7,lzxue,2023-10-16T10:40:48Z
1,L7,lzxue,2023-10-17T09:15:55Z
1,L7,lzxue,2023-10-13T02:41:55Z
1,L7,lzxue,2023-10-12T09:10:29Z
1,L7,lzxue,2023-10-12T07:24:14Z
1,L7,lzxue,2023-10-12T07:17:13Z
1,L7,lzxue,2023-10-12T06:45:19Z
1,L7,lzxue,2023-10-12T06:47:12Z
1,L7,lzxue,2023-10-12T06:02:12Z
1,L7,lzxue,2023-10-12T05:51:07Z
1,L7,lzxue,2023-10-11T12:03:44Z
1,L7,lzxue,2023-10-11T12:03:59Z
1,L7,heiyexing,2023-10-11T11:28:56Z
1,L7,lzxue,2023-10-11T07:44:34Z
1,L7,lzxue,2023-10-11T07:27:16Z
1,L7,lzxue,2023-10-12T06:55:57Z
1,L7,heiyexing,2023-10-10T03:50:44Z
1,L7,lzxue,2023-10-10T03:30:11Z
1,L7,lzxue,2023-10-09T12:44:41Z
1,L7,lzxue,2023-10-09T05:44:47Z
0,L7,lvisei,2023-10-07T12:22:17Z
0,L7,lvisei,2023-10-07T11:56:26Z
1,L7,lzxue,2023-10-08T11:48:22Z
1,L7,lzxue,2023-09-27T08:19:27Z
1,L7,heiyexing,2023-09-27T05:40:28Z
1,L7,lzxue,2023-09-27T03:00:44Z
1,L7,xiaoiver,
1,L7,lzxue,2023-09-25T04:49:15Z
1,L7,lzxue,2023-09-27T08:23:53Z
1,L7,lzxue,
1,L7,heiyexing,2023-09-22T07:30:11Z
1,L7,lzxue,2023-09-22T07:14:31Z
1,L7,heiyexing,2023-09-20T08:34:10Z
1,L7,heiyexing,
1,L7,lzxue,
1,L7,lzxue,2023-09-19T03:09:06Z
1,L7,lzxue,2023-09-18T05:50:08Z
1,L7,lzxue,2023-09-18T02:40:16Z
1,L7,lzxue,2023-09-14T02:21:31Z
1,L7,lzxue,2023-09-14T06:13:51Z
1,L7,lzxue,2023-09-12T08:49:21Z
1,L7,lzxue,2023-09-11T13:23:45Z
1,L7,heiyexing,2023-09-11T03:18:32Z
1,L7,lzxue,2023-09-11T03:18:56Z
1,L7,lzxue,2023-09-07T11:51:53Z
1,L7,lzxue,2023-09-07T07:05:13Z
1,L7,lzxue,2023-09-07T06:04:16Z
1,L7,lzxue,2023-09-07T05:33:15Z
1,L7,lzxue,2023-09-07T03:18:52Z
1,L7,lzxue,2023-09-06T15:51:03Z
1,L7,lzxue,2023-09-06T15:02:22Z
1,L7,lzxue,2023-09-06T14:10:52Z
1,L7,cwtuan,2023-09-06T13:53:13Z
1,L7,lzxue,
1,L7,lzxue,2023-09-01T09:25:13Z
1,L7,lzxue,2023-09-04T03:16:24Z
1,L7,lzxue,2023-08-29T06:22:15Z
1,L7,lzxue,2023-08-29T03:04:25Z
1,L7,lzxue,2023-08-29T02:16:39Z
1,L7,lzxue,2023-08-29T02:14:39Z
1,L7,heiyexing,2023-08-23T06:41:04Z
1,L7,lzxue,2023-08-23T02:42:45Z
1,L7,lzxue,2023-08-22T09:45:47Z
1,L7,lzxue,2023-08-22T09:40:09Z
1,L7,lzxue,2023-08-22T02:50:37Z
1,L7,heiyexing,2023-08-21T04:49:00Z
1,L7,lzxue,2023-08-09T08:53:00Z
0,L7,lvisei,2023-08-09T08:06:26Z
0,L7,lvisei,2023-08-22T09:46:42Z
1,L7,lzxue,2023-08-09T08:06:38Z
1,L7,lzxue,2023-07-28T10:03:39Z
1,L7,lzxue,
1,L7,lzxue,2023-07-28T09:18:10Z
1,L7,lzxue,2023-07-28T09:10:51Z
1,L7,lzxue,2023-07-27T02:57:47Z
1,L7,lzxue,2023-07-26T10:56:10Z
1,L7,lzxue,2023-07-26T10:03:14Z
1,L7,heiyexing,2023-07-14T04:56:51Z
1,L7,heiyexing,